config_id,reducer,clusterer,bootstrap_ari_mean,bootstrap_ari_std,bootstrap_ari_min,bootstrap_ari_max,bootstrap_ari_dist,silhouette_bootstrap_mean,silhouette_ci_low,silhouette_ci_high,davies_bouldin_bootstrap_mean,davies_bouldin_ci_low,davies_bouldin_ci_high,calinski_harabasz_bootstrap_mean,calinski_harabasz_ci_low,calinski_harabasz_ci_high
C01,pca,kmeans,0.9938227308524724,0.006582891739744741,0.9732459348088827,1.0,"[0.99410672 1.         1.         0.99423055 1.         1.
 1.         0.97471189 1.         1.         0.98048001 0.99418955
 0.98838934 1.         0.99426054 0.98029636 0.99422341 1.
 0.98809086 0.98809956 1.         1.         0.99179775 1.
 0.98857799 0.99424458 0.9798258  1.         1.         0.99409646
 1.         1.         0.99414196 1.         0.99389383 0.98579945
 0.99410696 1.         0.99191257 1.         1.         0.9938802
 0.99396838 0.99192743 1.         1.         1.         1.
 0.99384121 0.99400652 1.         0.9939873  1.         1.
 0.99169415 0.99408324 0.9940613  1.         0.99405548 1.
 1.         1.         0.98301134 1.         1.         0.98849345
 0.99443912 0.98845079 1.         0.99430566 0.98833353 0.99435253
 1.         0.98854276 0.98867    1.         1.         0.99191829
 1.         0.98906444 0.99400805 0.98789714 1.         1.
 0.99390018 1.         1.         1.         0.97962959 1.
 1.         0.9857427  0.99397666 0.99385488 1.         0.99412335
 0.98559396 0.99399813 1.         0.99386522 0.99390636 1.
 1.         1.         1.         0.99404633 1.         0.98540633
 1.         1.         0.99407982 0.99410756 0.99390347 0.99211476
 1.         0.99413363 0.99182758 1.         1.         0.99389841
 1.         0.99175472 1.         0.99411559 1.         1.
 0.99398247 0.99409449 0.99187427 0.99416981 1.         0.99382182
 0.99192797 1.         0.99399793 1.         1.         0.97433678
 1.         1.         0.97979728 0.99417609 0.98805758 1.
 0.99412822 0.98004778 0.99402693 1.         0.98813453 0.988526
 1.         1.         0.99176999 1.         0.98867604 0.99391725
 0.97997565 1.         1.         1.         0.98837059 1.
 1.         0.99413046 0.99415686 0.99406362 1.         0.99426882
 0.9941593  0.9940873  1.         0.99422343 0.9943367  1.
 1.         0.99190013 1.         0.99428636 1.         0.99395805
 1.         1.         0.97394133 1.         1.         0.97964275
 0.99396934 0.98763421 1.         0.99416543 0.97987057 0.993968
 1.         0.98770555 0.98829063 1.         1.         0.99203509
 1.         0.98814563 0.99370999 0.9798462  1.         1.
 0.98593743 0.97984864 1.         1.         1.         0.97417804
 0.98588618 0.99407177 0.98597345 0.97991389 0.99199075 0.98599853
 0.97324593 0.97440442 0.97779856 0.98025875 1.         0.9860296
 0.99389987 0.97980306 0.9734699  1.         0.98603223 1.
 0.99435036 1.         1.         0.98597032 1.         1.
 0.99435139 0.99436715 1.         1.         0.99193125 1.
 0.99438193 0.99418024 0.98592658 1.         1.         0.98608556
 0.99427632 0.99416391 1.         0.99403489 0.98581502 0.99392589
 1.         0.99406752 0.99423348 1.         1.         0.99168395
 1.         0.99410495 1.         0.98564733 1.         1.
 1.         1.         0.98012983 0.98592994 1.         0.99198457
 0.98627193 0.99199125 0.99185391 0.97951568 0.97986662 0.98397293
 0.98043858 1.         0.98603335 1.         0.98604502 0.98004655
 1.         0.99406279 1.         1.         1.         0.99444882
 1.         1.         0.99399194 0.99419686 0.99201957 0.99419103
 1.         0.99402672 1.         1.         0.99417694 0.98834522
 0.9941139  1.         1.         0.99409072 1.         1.
 0.98826406 0.98839696 0.99181777 0.98824887 1.         0.99384056
 1.         0.99409654 0.98841074 0.99420786 0.9801013  0.99410909
 1.         0.98816882 0.98818596 1.         1.         1.
 1.         0.98821577 0.99400557 0.97977211 1.         1.
 0.98589118 1.         0.99408182 0.99419167 0.99433252 0.99404561
 0.99429938 0.99182283 0.99429134 0.99438869 0.98830728 0.9857942
 1.         0.99404559 0.99191895 0.98584038 0.99175049 0.99178185
 0.97969935 0.98054722 0.98307647 0.98002095 1.         0.98564332
 1.         0.9859159  0.97988402 0.99410338 1.         1.
 0.99384903 0.99414714 0.99180797 0.99422482 1.         0.99406535
 0.99196966 1.         0.99404817 0.99412969 0.99424398 1.
 1.         1.         1.         0.99431181 1.         0.98546252
 1.         1.         1.         0.98789998 0.98816618 0.99184766
 0.98825846 1.         0.99377913 0.99165646 0.99425395 0.98793953
 0.98831796 0.98867267 0.99175154 0.98829001 1.         0.99394873
 0.99158417 0.9942138  0.98805695 1.         0.9917725  1.
 0.98831998 0.99379955 0.97928009 1.         1.         1.
 1.         0.9886518  0.99394904 0.97991369 1.         1.
 0.99187794 0.99187991 1.         0.98348266 0.99183585 0.99188159
 0.9885739  0.9940601  0.97926159 1.         1.         0.99393619
 1.         0.99424708 0.98830566 0.98569446 0.99381559 0.99384319
 0.98575948 0.97959585 1.        ]",0.18318908318042257,0.17873972195320278,0.18684365018959811,1.8881233439818943,1.8664635341615743,1.9142051249437786,97.90742035780072,95.43752607128539,100.66780672583516
C02,pca,gmm,0.8603405209709376,0.13513620473523216,0.4324565707012565,1.0,"[0.93873932 1.         0.65010895 0.89924421 0.90397648 0.82946412
 1.         0.8972478  1.         1.         0.90748437 1.
 1.         1.         1.         0.6451895  1.         1.
 1.         1.         0.93798243 1.         0.90500468 0.60336041
 0.89669324 0.91621403 1.         0.65248214 0.89695176 0.95684891
 0.74110564 0.81995616 0.83205393 0.86690072 0.93869536 0.80415345
 0.95401772 0.94330933 0.82718901 0.9465204  0.93667947 0.94182401
 0.94414189 0.68852076 0.94393952 0.95002495 0.94195255 0.95065448
 1.         0.94540875 0.84488394 0.65472061 0.83595611 0.82127536
 0.9508217  0.56355864 0.81869613 0.66659995 0.87636209 0.88563988
 0.82229947 1.         0.88095476 1.         1.         0.87948323
 1.         1.         1.         1.         0.65713186 1.
 1.         1.         1.         0.95379643 1.         0.88782983
 0.60778712 0.88701567 0.88217566 1.         0.63084899 0.88013554
 0.64577854 0.68282775 0.6895255  0.67579514 0.62454537 0.67830659
 0.6705761  0.6911101  0.66324728 0.68402148 0.69275053 0.69480004
 0.83797653 0.66375581 0.68037297 0.65687213 0.68077275 0.71813112
 0.65146294 0.69328985 0.76525717 0.69919276 0.67618516 0.70721269
 0.43245657 0.6268516  0.96399364 0.90491861 0.89123009 0.95688152
 0.88504916 0.88285844 0.96496138 0.89079169 0.89843055 0.88216012
 0.89128396 0.72457553 0.89013942 0.89954663 0.88068901 0.8780608
 0.81649034 0.88057993 0.97060588 0.67878952 0.93618444 0.98170028
 0.86540763 0.63090996 0.98178316 0.87219318 0.90856576 0.94294147
 0.89816429 0.89678925 0.96123083 0.90756396 0.90143647 0.89396076
 0.89438268 0.73139186 0.89411862 0.90188433 0.88805213 0.88579039
 0.82300983 0.8905156  0.98508819 0.64639576 0.94580316 0.97867825
 0.88804732 0.60914008 0.96151794 0.81656683 0.91247707 0.83703634
 0.82088403 0.8954022  0.82299108 0.82326209 0.82429344 0.8347572
 0.70928041 0.82159931 0.82699008 0.82430149 0.83268274 0.85951228
 0.82491332 0.88538688 0.73185988 0.85089806 0.88285188 0.8035167
 0.55791925 0.89337518 0.88648668 1.         1.         0.90909203
 1.         1.         1.         1.         0.65981388 1.
 1.         1.         1.         0.93676811 1.         0.89101071
 0.60671287 0.89513209 0.90416851 1.         0.64130739 0.89010634
 0.87774361 0.88203071 0.95597283 0.89066097 0.88612762 0.88727147
 0.88591434 0.68844312 0.89099989 0.87889561 0.87554665 0.87604722
 0.79766809 0.88873815 0.94742418 0.67153768 0.93065171 0.95710461
 0.85813556 0.62690908 0.96739058 1.         0.89047816 1.
 1.         1.         1.         0.65260685 1.         1.
 1.         1.         0.95419085 1.         0.89455661 0.59211782
 0.89163026 0.89577278 1.         0.63231544 0.88959382 0.88930657
 1.         1.         1.         1.         0.65368685 1.
 1.         1.         1.         0.94698716 1.         0.89384317
 0.60958207 0.88764527 0.89359322 1.         0.63133257 0.88323836
 0.9055006  0.89840792 0.90018501 0.89416998 0.73038026 0.90197016
 0.90108388 0.88806171 0.88730233 0.81977927 0.88477732 0.97837923
 0.66991484 0.95513756 0.98272343 0.88455243 0.61472704 0.96250966
 1.         1.         1.         0.66594341 1.         1.
 1.         1.         0.94442734 1.         0.90487723 0.60221402
 0.89531553 0.91045733 1.         0.63377055 0.89754538 1.
 1.         0.65918676 1.         1.         1.         1.
 0.94563394 1.         0.90533551 0.60670508 0.89469906 0.90526284
 1.         0.63042446 0.89506917 1.         0.68806688 1.
 1.         1.         1.         0.94264169 1.         0.90559415
 0.61145881 0.89024497 0.90263062 1.         0.62123853 0.88757341
 0.67204335 1.         1.         1.         1.         0.94781814
 1.         0.90732434 0.60787859 0.89157546 0.90817188 1.
 0.63134032 0.89383167 0.65999674 0.66576553 0.65113716 0.66336303
 0.6795141  0.648526   0.74301736 0.7784215  0.73045155 0.73790057
 0.66623846 0.44077388 0.6965644  1.         1.         1.
 0.94181027 1.         0.90404687 0.60121871 0.89128996 0.90168507
 1.         0.66122903 0.89250224 1.         1.         0.94696167
 1.         0.90595068 0.60878962 0.89306763 0.9033898  1.
 0.62610281 0.89018902 1.         0.94487676 1.         0.8959198
 0.59255846 0.89120365 0.89611646 1.         0.64524144 0.87723445
 0.95006735 1.         0.89376456 0.60388711 0.87698767 0.89121785
 1.         0.61776589 0.88164936 0.9417249  0.83386699 0.65307471
 0.81597805 0.81025893 0.95013465 0.59414414 0.80984648 0.88948131
 0.60065974 0.89288668 0.89260595 1.         0.61888758 0.88577679
 0.64994609 0.95225376 0.98182353 0.88326781 0.59321879 0.96445701
 0.63152929 0.66064892 0.61354869 0.46766583 0.64468859 0.95500284
 0.87247821 0.59764702 0.92923144 0.88342019 0.63883769 0.98211618
 0.64151078 0.87077887 0.61365117]",0.16998365122998338,0.12962291396656714,0.18917152077042823,1.9408135548879977,1.829777192057282,2.334793238134138,87.10669133551161,65.23608776744395,100.2133001112325
C03,pca,agglo,0.8805924215879849,0.07749418438790211,0.629717302077375,1.0,"[0.92533361 0.91424009 0.90055572 0.95360972 0.6907133  0.83304858
 0.97642815 0.96460981 0.93772265 0.96237041 0.94927875 0.96914651
 0.98266584 0.88432553 0.97010229 0.97006442 0.94029513 0.90149839
 0.78236647 0.95986286 0.96804173 0.97271157 0.91773506 0.86988799
 0.93377902 0.84003737 0.8779418  0.91225033 0.88220963 0.89428522
 0.87656545 0.92168984 0.69813402 0.79311686 0.93358692 0.933844
 0.98228609 0.94079446 0.93425792 0.93480602 0.96794016 0.84876269
 0.96319377 0.91941518 0.96538975 0.91663772 0.76131397 0.93376305
 0.89316384 0.9702362  0.89491577 0.89244987 0.88803722 0.8548614
 0.88147051 0.87096057 0.88420547 0.84856905 0.93346328 0.65093325
 0.79908821 0.91707268 0.91962015 0.90135828 0.93743038 0.93499174
 0.92442802 0.92035349 0.8249546  0.93097684 0.94368722 0.91705103
 0.91846938 0.76001005 0.94211531 0.89211226 0.90391717 0.87573952
 0.88658194 0.85372964 0.82570853 0.91436025 0.90796504 0.85505264
 0.88085571 0.65904421 0.76726961 0.86645067 0.90201641 0.88332026
 0.88963863 0.88997009 0.91030994 0.91806272 0.83721868 0.90439929
 0.89211693 0.86705265 0.82875789 0.74812164 0.90141157 0.87407165
 0.89303518 0.9753234  0.80543985 0.8768547  0.82152919 0.96812472
 0.83962663 0.83085774 0.68216394 0.83207101 0.93759755 0.96956495
 0.93011926 0.97126088 0.95967568 0.95435341 0.9605505  0.82065553
 0.9345156  0.9940362  0.94915701 0.91184617 0.78207693 0.97538563
 0.91519358 0.95343183 0.89973912 0.90659995 0.90303316 0.83754253
 0.89320367 0.93523831 0.8807585  0.63361448 0.68243126 0.69140138
 0.70204036 0.68590661 0.69700593 0.70055905 0.69367475 0.72181032
 0.70496434 0.68564133 0.67091286 0.739009   0.75607369 0.6827154
 0.68068201 0.67988144 0.6678802  0.67811258 0.65192727 0.76455658
 0.66197339 0.6297173  0.7201068  0.8079426  0.84584689 0.79286659
 0.84709076 0.88974078 0.79995957 0.82234023 0.78741248 0.82154603
 0.90489605 0.81107148 0.810812   0.69028884 0.83318112 0.79999644
 0.81942087 0.77028641 0.76778905 0.80566339 0.72563149 0.79291295
 0.89615763 0.77093294 0.94618578 0.95357321 0.95219342 0.93347099
 0.9525889  0.96630477 0.90498337 0.98827676 0.94879854 0.95500157
 0.9061449  0.76096898 0.93848777 0.95328765 0.9876766  0.88735871
 0.87268957 0.91072413 0.81794998 0.86372619 0.89877906 0.86529662
 0.94580318 0.9707602  0.97255309 0.97841622 0.98559352 0.8463898
 0.94513692 0.97785585 0.96294925 0.90848654 0.77550738 1.
 0.9517091  0.97797788 0.931496   0.88529041 0.9347326  0.86473267
 0.88820681 0.92310901 0.88669082 0.94248662 0.93507066 0.94249433
 0.96261594 0.87279595 0.97213859 0.92578638 0.94818366 0.92304441
 0.79124245 0.9396819  0.92145691 0.97211577 0.90240324 0.88382354
 0.88760189 0.87892864 0.88051171 0.87846331 0.90761095 0.95660098
 0.98392081 0.983563   0.85319246 0.96005233 0.96875959 0.95456938
 0.90884507 0.77715342 0.96886395 0.92902728 0.98353716 0.91558479
 0.91679703 0.94599105 0.84140848 0.88437792 0.90417915 0.8735262
 0.95894181 0.97173824 0.85596431 0.92583863 0.9629872  0.94828176
 0.91714879 0.78032163 0.96044837 0.92514728 0.95770577 0.91546483
 0.88357436 0.89820897 0.8476866  0.91082121 0.90408347 0.88922762
 1.         0.85757486 0.95843485 0.96722616 0.95419153 0.90576874
 0.78154662 0.96722659 0.97641999 0.97620082 0.94165079 0.87962484
 0.9707022  0.86991168 0.87754976 0.88312638 0.87149058 0.88633009
 0.96723418 0.97583647 0.96884278 0.91187519 0.79010347 0.97627645
 0.95997179 0.98470432 0.94748762 0.89384435 0.94456506 0.86392133
 0.89820983 0.90124242 0.89264992 0.91108708 0.87811055 0.86973633
 0.83443251 0.76425521 0.83586457 0.87556518 0.89278414 0.83028637
 0.78718057 0.83725359 0.83781752 0.82054285 0.81804305 0.87543851
 0.92574746 0.94452454 0.91090642 0.75807967 0.9373581  0.94608022
 0.98853171 0.91920256 0.87477133 0.9070919  0.84260992 0.88176234
 0.88558107 0.8672376  0.97582093 0.91784999 0.79587318 0.9836002
 0.93790124 0.96051102 0.91468491 0.8896235  0.91256303 0.83642394
 0.9020154  0.93991343 0.88665072 0.92701581 0.77496692 0.96673868
 0.91980681 0.98383802 0.90350782 0.88701213 0.89325126 0.84257725
 0.8926374  0.91107782 0.87859822 0.83691898 0.90715713 0.88848841
 0.90785048 0.85596074 0.94272542 0.88160168 0.86498906 0.86884549
 0.90181987 0.87781253 0.79734642 0.74877882 0.76536519 0.77030624
 0.80912843 0.75748344 0.84398698 0.75317134 0.78102836 0.8544789
 0.92203028 0.96768789 0.93231605 0.88202233 0.90803078 0.85660999
 0.91066212 0.92483792 0.89074486 0.95026626 0.89118832 0.84512085
 0.91925917 0.87156846 0.85132738 0.87446646 0.83895685 0.92675349
 0.88024456 0.92308937 0.84194278 0.87495455 0.88934202 0.87886876
 0.85398554 0.8940237  0.83707876 0.95592081 0.86598982 0.85648292
 0.85225824 0.82044012 0.8474493  0.88413879 0.83888534 0.82370617
 0.8407676  0.84195495 0.84162724 0.81444238 0.80286416 0.92160184
 0.87785936 0.84643885 0.85861305]",0.17865612179749688,0.16835206304198408,0.1855876928299906,1.9251094957175519,1.7922528893597598,2.070719193262138,88.09993906146725,62.80707842739397,97.95375535696147
C04,pca,hdbscan,0.5870019219974435,0.27271681579149537,0.23050061137976902,0.9469657124041063,"[0.27527508 0.84101088 0.79299989 0.81902898 0.26729992 0.85020946
 0.81360404 0.87286245 0.81802784 0.80750323 0.28122472 0.32277504
 0.76920782 0.89288791 0.9007041  0.25857259 0.82593911 0.28219964
 0.81782321 0.7802729  0.2733891  0.30814497 0.85500063 0.87041732
 0.29656298 0.85881875 0.77356461 0.29063171 0.29113377 0.25755323
 0.29730098 0.34154516 0.90979304 0.25169258 0.27486872 0.29914568
 0.30176773 0.29631256 0.90266671 0.90787762 0.26325905 0.27119548
 0.27465466 0.9143303  0.32066408 0.89711819 0.2951145  0.23452397
 0.89788107 0.91805207 0.30103586 0.27993956 0.92828454 0.31747088
 0.33352175 0.8968111  0.88030913 0.82537047 0.78167213 0.26961002
 0.84377243 0.84514669 0.85135712 0.85104799 0.81500451 0.28253724
 0.29939547 0.79604929 0.87117206 0.86164705 0.24739816 0.84151133
 0.27769407 0.85622342 0.86942135 0.24552184 0.26874004 0.81846206
 0.85321974 0.29585822 0.82380483 0.79614703 0.2686439  0.27044855
 0.82180458 0.34268491 0.82318208 0.77917102 0.838251   0.82330377
 0.86242878 0.34237589 0.37993263 0.7327523  0.80772366 0.80957163
 0.31563763 0.85936322 0.35471956 0.83590021 0.81999615 0.31880322
 0.35072758 0.83507668 0.82283574 0.35425384 0.81124964 0.85801134
 0.31403036 0.34912937 0.35717662 0.76994578 0.81547158 0.88489745
 0.87947125 0.84625472 0.36340201 0.37838385 0.80465317 0.80447714
 0.8123957  0.34578049 0.87067401 0.36758137 0.8153637  0.72543518
 0.35104336 0.37106575 0.8457936  0.78001188 0.37887709 0.8012309
 0.84236638 0.34406483 0.37555669 0.26283137 0.28364108 0.29640148
 0.29899201 0.30446728 0.94696571 0.92513709 0.24602571 0.27078548
 0.25993034 0.91509276 0.3397707  0.93637316 0.30269078 0.244127
 0.94334142 0.9029725  0.2945617  0.27596235 0.89944623 0.31803463
 0.36000665 0.92182271 0.88508505 0.8273843  0.83655379 0.82587608
 0.79925033 0.28722921 0.30325583 0.82006165 0.85718696 0.81255133
 0.26931577 0.80013312 0.27891457 0.84878576 0.90504564 0.26191373
 0.27283183 0.84398607 0.8381669  0.2912422  0.80796778 0.74803982
 0.27696415 0.28570519 0.84671325 0.85965755 0.81237958 0.31231943
 0.32575852 0.78492679 0.84213837 0.82124924 0.28736564 0.82264389
 0.3000903  0.86193089 0.80842148 0.30447858 0.32129612 0.88794343
 0.81012772 0.30876491 0.83080603 0.78174244 0.29687952 0.29393962
 0.89160047 0.89515872 0.3189295  0.35131401 0.75631635 0.83946204
 0.83697288 0.29870305 0.86769176 0.31845667 0.86507594 0.82238526
 0.30236395 0.34111073 0.87514372 0.86593542 0.33601359 0.8707789
 0.83393678 0.30243893 0.31391684 0.83944013 0.31372302 0.34478893
 0.81896024 0.83528714 0.83092229 0.29466097 0.87773519 0.29652338
 0.8237765  0.79085493 0.28431523 0.31126075 0.83457412 0.8048198
 0.32589427 0.84447297 0.86219912 0.29622715 0.29999698 0.31769777
 0.35844201 0.73768289 0.86314777 0.84219583 0.29167344 0.85668635
 0.3215911  0.87509645 0.8146537  0.29969812 0.32599212 0.8361954
 0.8206487  0.31722084 0.84942217 0.82109386 0.2940504  0.31873464
 0.90016448 0.28243846 0.28773036 0.28839663 0.90546754 0.36235123
 0.93250444 0.33414082 0.2749848  0.91501571 0.90445334 0.3189275
 0.30587361 0.88486952 0.31202845 0.36991885 0.92148174 0.90736605
 0.29462612 0.33985425 0.32964097 0.90398108 0.39097999 0.93001674
 0.3582272  0.30348654 0.89629675 0.93067868 0.35025486 0.33128685
 0.88967525 0.35769628 0.40067911 0.90181514 0.90437077 0.80118551
 0.78198027 0.24439322 0.75547984 0.2650009  0.78455922 0.82872377
 0.23274174 0.27671994 0.7625513  0.75489553 0.26468914 0.72035681
 0.72511168 0.26124605 0.26262104 0.88341058 0.27949096 0.83225368
 0.28672646 0.80758435 0.84000721 0.27815068 0.30985004 0.86266112
 0.8743389  0.31114953 0.84513507 0.8131362  0.2734829  0.29841695
 0.26760275 0.83496252 0.29076248 0.8105967  0.81096295 0.26273291
 0.30132916 0.85171226 0.84827398 0.32539415 0.83436637 0.79382777
 0.27075364 0.30426376 0.33213946 0.89858123 0.29748488 0.23050061
 0.91474446 0.90072262 0.28474636 0.25983149 0.92030533 0.3014906
 0.33751767 0.88517174 0.91075012 0.37024675 0.84667797 0.77307505
 0.33388087 0.37698931 0.8613985  0.8100658  0.36842866 0.81440607
 0.87693373 0.35308854 0.34178567 0.30202998 0.25403797 0.90948107
 0.9203561  0.30974852 0.29272144 0.89896444 0.30593655 0.35189519
 0.9099952  0.90657851 0.81787568 0.31005049 0.32580976 0.86958386
 0.82972924 0.32384889 0.88521217 0.8145381  0.29689588 0.32606668
 0.23160474 0.28437885 0.8073582  0.81813976 0.27178239 0.79918942
 0.7403603  0.23530338 0.27550794 0.89964718 0.31190233 0.3100907
 0.85247597 0.31487731 0.33125285 0.93096443 0.88637846 0.32275172
 0.30464904 0.89803783 0.33566533 0.36496855 0.91539431 0.89480239
 0.82925801 0.33348359 0.83693438 0.83809462 0.31130828 0.30720005
 0.30528815 0.84591352 0.74752421 0.29960571 0.30690284 0.34393196
 0.37389239 0.86959391 0.89909108 0.80713417 0.31676949 0.32807996
 0.32907767 0.35093719 0.87532634]",0.2300239773430434,0.2055424906361425,0.25212128619772217,1.6105010395119856,1.5469588780657408,1.7082022682153721,89.49186597243961,71.43334838741269,102.5924414194891
C05,umap,kmeans,0.989961320374465,0.010944442868291184,0.9473040960553549,1.0,"[1.         1.         0.98661803 1.         1.         0.98392523
 0.99240126 1.         0.99440479 1.         1.         0.99204873
 0.99416492 1.         1.         0.99298162 1.         0.98830131
 1.         1.         0.98700877 0.99425747 0.99284147 1.
 0.99199971 1.         0.96327875 0.96838201 1.         1.
 0.97881005 1.         0.99187885 0.99176334 0.98491417 1.
 0.99413689 1.         0.99191659 0.98397855 0.99389345 0.99188782
 0.99197948 0.98514848 0.99176217 0.98010782 0.99194981 0.99189133
 0.97902295 0.99400652 0.99398368 0.99190209 0.98391756 0.99189101
 0.97452473 0.96962807 0.99209463 0.99397712 1.         1.
 0.98347993 1.         1.         1.         1.         1.
 0.99195179 1.         1.         1.         1.         1.
 0.99426379 1.         1.         0.99402091 0.99414738 0.99342313
 1.         0.99188183 1.         0.97593663 0.97412947 1.
 0.9868759  0.98669417 0.96310522 0.99362613 0.98659524 0.98698849
 0.9870224  0.98672736 0.99397404 0.98775263 0.98689769 0.98715617
 0.99381173 0.99303691 0.98672676 0.98677272 0.9868826  0.98763633
 0.98783201 0.97280128 0.98674457 0.98690353 0.98676709 0.97441523
 0.95992704 0.98661308 1.         0.98364963 0.99299849 1.
 1.         1.         1.         0.9919686  1.         1.
 1.         0.99315093 1.         0.99414551 1.         1.
 0.98713516 0.99409449 0.99309562 1.         0.99188376 1.
 0.96920463 0.97440886 1.         0.97533245 0.99266195 1.
 1.         1.         1.         0.99188375 1.         1.
 1.         0.99313138 1.         0.99414714 1.         1.
 0.98731273 0.99425652 0.98615119 1.         0.9919485  1.
 0.97551398 0.9671531  1.         0.97702344 0.99194178 0.97817849
 0.99175918 0.98348808 0.9682446  0.97781292 0.97585901 0.9760172
 0.96860637 0.98375808 0.96420262 0.983871   0.97512901 0.96285701
 0.97804449 0.98040139 0.97565943 0.96795678 0.97578573 0.9473041
 0.96553204 0.97567801 0.9928247  0.9870018  0.99281138 0.99265368
 0.99212337 0.99378542 0.99282934 0.99277921 1.         0.99264495
 0.98070208 0.99284132 0.99300922 0.99392617 0.99387231 0.98653319
 0.99257528 0.98468485 0.99263793 0.97595256 0.96619518 0.99304063
 0.99419138 1.         1.         0.99186249 0.99400992 1.
 1.         0.99294472 1.         0.98802413 1.         1.
 0.98680494 0.99413837 1.         1.         0.99201861 1.
 0.96334518 0.97509259 1.         1.         1.         0.98618375
 1.         0.99418479 1.         0.98742246 1.         1.
 0.99438056 0.99439657 0.98171382 0.99438725 0.9877652  0.99433999
 0.99178781 1.         0.98158933 0.98616248 0.99434994 1.
 1.         1.         1.         1.         0.99310211 1.
 0.99423914 1.         1.         0.98718807 0.99419214 1.
 1.         1.         1.         0.96941173 0.98128781 1.
 0.99202031 1.         1.         1.         0.99300315 1.
 0.99430272 1.         1.         0.98696318 0.99406435 0.98626255
 1.         0.99188375 1.         0.97540203 0.97434266 1.
 0.99419137 0.99195404 0.99193164 1.         1.         0.98110724
 0.99196437 0.99175903 0.98586512 0.98624564 0.97802045 1.
 1.         0.99218333 0.96220085 0.95239025 0.99194021 0.99414244
 1.         0.99404437 1.         0.99408356 0.99397856 0.99405661
 0.98825603 0.99417128 0.98707068 0.99409503 1.         1.
 0.98799593 0.97986635 0.99417564 1.         0.99304723 1.
 0.9880807  1.         1.         0.9872221  0.99402692 0.98592009
 1.         0.99185891 1.         0.96911233 0.96676585 1.
 0.99302152 1.         0.99411241 1.         1.         0.99311791
 1.         0.98585936 1.         0.99210338 1.         0.97498437
 0.97339715 1.         0.99302535 0.98134362 0.99300251 0.99317235
 1.         1.         0.97972484 0.99287826 0.99295114 0.99293731
 0.97019744 0.95490994 0.99313488 1.         1.         1.
 0.98692746 0.99414714 0.98587816 1.         1.         1.
 0.97534322 0.97977055 1.         0.98836313 0.98859541 0.97491357
 0.98847181 0.97407101 0.988694   0.98622795 0.99387152 0.98052859
 0.97272632 0.98810322 1.         0.98708602 0.99405536 0.98630839
 1.         0.99198762 1.         0.96865222 0.96897937 1.
 0.98754499 0.9943093  0.98612842 1.         0.99182743 1.
 0.97569657 0.96804535 1.         1.         0.97331213 0.98681498
 0.98512049 0.98676082 0.96912285 0.94791294 0.98710727 0.98701367
 0.99426348 0.99205513 0.99394904 0.97633591 0.96832676 0.9941512
 0.98552637 0.97792102 0.98590804 0.95589636 0.97519944 0.9862302
 1.         1.         0.96826802 0.96089661 1.         0.99196708
 0.96097069 0.95948655 0.99196164 0.96823566 0.96592006 1.
 0.97361455 0.96897677 0.96746862]",0.7625683844089508,0.7044854313135147,0.8346588999032974,0.36370642461919084,0.2580265280720397,0.45492575241575545,5395.270667140927,2595.1235417722196,11724.80611938398
C06,umap,gmm,0.6284724093358954,0.06657607109771294,0.44468843992607826,0.8583141833211423,"[0.57698436 0.6199837  0.70943162 0.65417085 0.62002302 0.5911092
 0.66612739 0.64546956 0.7032464  0.72730186 0.69149626 0.67045014
 0.61841742 0.65402996 0.64206976 0.53115828 0.66375142 0.55134579
 0.64138147 0.61643807 0.61885878 0.58013812 0.72853302 0.7028247
 0.60499294 0.54975676 0.53710127 0.65729065 0.57741679 0.62310378
 0.60751456 0.65862517 0.6065864  0.6495804  0.63865005 0.69145592
 0.6178663  0.66303902 0.62190057 0.63108046 0.60501433 0.52599802
 0.59432907 0.5880959  0.60542527 0.52191817 0.71375013 0.63949555
 0.6524585  0.66847627 0.71728197 0.61558049 0.55603312 0.74403571
 0.62557724 0.6423601  0.68164913 0.61846652 0.6255022  0.65949695
 0.74656905 0.59271098 0.66492043 0.71524361 0.72639505 0.73375065
 0.75152175 0.69651883 0.64128291 0.68300885 0.55985118 0.64911468
 0.52984455 0.64066567 0.68035052 0.77399431 0.62709524 0.75249786
 0.76513391 0.59360899 0.66030212 0.56416167 0.63287887 0.67999143
 0.6897573  0.56110842 0.63903512 0.64927868 0.69058818 0.65252952
 0.65777269 0.6180202  0.59773641 0.59242317 0.58451486 0.54961716
 0.59246283 0.66822245 0.51438866 0.65669651 0.58323314 0.58661131
 0.55078011 0.69978983 0.63274105 0.61304877 0.55545404 0.54484594
 0.57803447 0.57934242 0.60779792 0.6121386  0.63792063 0.85831418
 0.61397972 0.6333985  0.60150366 0.61158135 0.55255684 0.63230234
 0.50062549 0.71229427 0.6309282  0.52171599 0.68171213 0.64584294
 0.61388388 0.58283908 0.70967369 0.65428156 0.616206   0.68933546
 0.52398981 0.58666505 0.66330896 0.62483116 0.61011787 0.60527687
 0.66092113 0.65415302 0.67965592 0.67232358 0.6059032  0.62795042
 0.64049886 0.53030245 0.57604148 0.44468844 0.57210312 0.61098575
 0.69533312 0.58968791 0.68666348 0.63358968 0.59073679 0.6108358
 0.53138158 0.69461288 0.64141151 0.60586831 0.67274247 0.65472329
 0.66898562 0.71464308 0.7092107  0.62314366 0.57821813 0.59199578
 0.56372979 0.66248935 0.5058277  0.57302282 0.60143169 0.70311065
 0.55501624 0.70828825 0.63861142 0.60258162 0.64317426 0.56279792
 0.59982369 0.63200834 0.58793709 0.62152671 0.65974905 0.64615746
 0.63089678 0.67865905 0.65952693 0.65209461 0.53901764 0.64309997
 0.47166411 0.58903288 0.56540894 0.61679444 0.633198   0.65202774
 0.59697906 0.64026264 0.6802407  0.52485159 0.64645568 0.58592834
 0.63062275 0.68667615 0.64263073 0.68993897 0.55791219 0.58708836
 0.51086643 0.6625131  0.62346458 0.55187904 0.70249195 0.66740391
 0.62829111 0.59101765 0.74152218 0.64492945 0.60811465 0.68886759
 0.56764604 0.57023333 0.65847409 0.77848855 0.76770691 0.73912736
 0.56184824 0.54753586 0.64753436 0.56683867 0.64364351 0.5189955
 0.76501999 0.69564065 0.62906821 0.54796787 0.74947974 0.73881641
 0.62494045 0.63606153 0.56876086 0.63277058 0.59719    0.76646712
 0.76843689 0.59157482 0.59325529 0.67617905 0.53207807 0.69178627
 0.49815632 0.7211575  0.69745186 0.68450811 0.6062091  0.81391141
 0.72363923 0.6409301  0.66113478 0.54153357 0.64197444 0.62878081
 0.80219741 0.71259754 0.65855794 0.71638026 0.55353516 0.71080927
 0.58054494 0.63726374 0.69577063 0.70070934 0.66467716 0.73293083
 0.73148728 0.697908   0.7163711  0.60515854 0.62918928 0.68614759
 0.63235426 0.64192902 0.70171855 0.56064592 0.68404576 0.57269866
 0.63711041 0.72376858 0.71070279 0.64618549 0.77745816 0.75663019
 0.63863636 0.71095789 0.61674887 0.61004813 0.68612819 0.69477116
 0.73419168 0.48622171 0.61377064 0.55662224 0.57704258 0.57966441
 0.68252803 0.68575143 0.5745789  0.64221527 0.61833254 0.61621325
 0.59090594 0.6118712  0.63123935 0.6027493  0.52316254 0.63036379
 0.51443187 0.54036153 0.58282735 0.66159375 0.61468336 0.61695598
 0.61008271 0.59453762 0.60502188 0.58547102 0.54606088 0.66757989
 0.45635254 0.58318725 0.49412604 0.57464393 0.57390655 0.73982676
 0.72794065 0.65505376 0.67787991 0.64571381 0.63129316 0.54790167
 0.6992756  0.58381983 0.5058109  0.48380385 0.58094787 0.57601723
 0.53832572 0.49938194 0.57408243 0.5443149  0.56783137 0.59086525
 0.53103964 0.51448265 0.5956771  0.52092903 0.63443837 0.64958613
 0.61335408 0.61768298 0.66722024 0.65114857 0.68523067 0.62192757
 0.50157779 0.58969712 0.5849773  0.54171866 0.5908692  0.51430523
 0.57037562 0.51002571 0.60446009 0.53533385 0.5330492  0.57797778
 0.47528838 0.57804366 0.73178764 0.61247668 0.63700549 0.68155489
 0.68740893 0.53859091 0.65861813 0.56447212 0.5690371  0.67896746
 0.61208563 0.61450477 0.6757097  0.76752796 0.60203334 0.71460127
 0.58002065 0.52486598 0.70247625 0.66225477 0.74983114 0.710191
 0.60136335 0.67959076 0.59461383 0.69428924 0.68730748 0.62244329
 0.60146651 0.57256528 0.69124659 0.59497119 0.61211384 0.65976395
 0.73844311 0.62195255 0.72837207 0.57331837 0.717243   0.6612975
 0.65288548 0.66759084 0.56637796 0.61519213 0.68650661 0.64676299
 0.50348967 0.58642873 0.53806487 0.64103247 0.6109276  0.70561116
 0.53068861 0.68306522 0.53992961]",0.3927937030792236,0.3319348879158497,0.4477596633136272,1.0145799047545156,0.8880464423310026,1.2116926534927928,3786.570076925814,1802.775558304381,8264.151935543487
C07,umap,agglo,0.9809275153391526,0.04573848674856603,0.7979819798135827,1.0,"[1.         1.         0.99265018 1.         1.         0.98392523
 0.99240126 1.         0.99440479 1.         1.         0.99204873
 0.99416492 1.         1.         0.99298162 1.         1.
 1.         1.         0.98700877 0.99425747 0.99284147 1.
 0.99199971 1.         0.80255838 0.9840812  1.         1.
 0.98505935 1.         0.99187885 0.99176334 0.98491417 1.
 0.99413689 1.         0.99191659 0.98397855 0.99389345 0.99188782
 0.99197948 0.98514848 0.99176217 0.99186219 0.99194981 0.99189133
 0.97902295 0.99400652 0.99398368 0.99190209 0.98391756 0.99189101
 0.79899507 0.99177343 0.99209463 1.         1.         1.
 0.98347993 1.         1.         1.         1.         1.
 0.99195179 1.         1.         1.         1.         1.
 1.         1.         1.         0.99402091 0.99414738 0.99342313
 1.         0.99188183 1.         0.84760819 0.98301175 1.
 0.99297721 0.99286734 0.96910081 1.         0.9927777  0.98698849
 0.99313344 0.99292671 1.         0.99385206 0.9928825  0.99303458
 1.         0.99303691 0.99278629 0.99290954 0.99297878 0.99379501
 0.99389168 0.97916029 0.99274104 0.99285814 0.99284896 0.80075213
 0.96925962 0.99288112 1.         0.98364963 0.99299849 1.
 1.         1.         1.         0.9919686  1.         1.
 1.         0.99315093 1.         1.         1.         1.
 0.98713516 0.99409449 0.99309562 1.         0.99188376 1.
 0.81181478 0.98379951 1.         0.97533245 0.99266195 1.
 1.         1.         1.         0.99188375 1.         1.
 1.         0.99313138 1.         1.         1.         1.
 0.98731273 0.99425652 0.98615119 1.         0.9919485  1.
 0.80577745 0.97542507 1.         0.97702344 0.99194178 0.97817849
 0.99175918 0.98348808 0.9682446  0.97781292 0.97585901 0.9760172
 0.96860637 0.98375808 0.97574551 0.983871   0.97512901 0.96285701
 0.97804449 0.98040139 0.97565943 0.96795678 0.97578573 0.79798198
 1.         0.97567801 0.9928247  0.9870018  0.99281138 0.99265368
 0.99212337 0.99378542 0.99282934 0.99277921 1.         0.99264495
 0.99271417 0.99284132 0.99300922 0.99392617 0.99387231 0.98653319
 0.99257528 0.98468485 0.99263793 0.81274096 0.9763778  0.99304063
 0.99419138 1.         1.         0.99186249 0.99400992 1.
 1.         0.99294472 1.         1.         1.         1.
 0.98680494 0.99413837 1.         1.         0.99201861 1.
 0.80315091 0.99182809 1.         1.         1.         0.98618375
 1.         0.99418479 1.         0.98742246 1.         0.99430069
 0.99438056 0.99439657 0.98171382 0.99438725 0.9877652  0.99433999
 0.99178781 1.         0.84823805 0.97812547 0.99434994 1.
 1.         1.         1.         1.         0.99310211 1.
 1.         1.         1.         0.98718807 0.99419214 1.
 1.         1.         1.         0.82719071 0.99181336 1.
 0.99202031 1.         1.         1.         0.99300315 1.
 1.         1.         1.         0.98696318 0.99406435 0.98626255
 1.         0.99188375 1.         0.81865616 0.983839   1.
 0.99419137 0.99195404 0.99193164 1.         1.         0.99206793
 0.99196437 0.99175903 0.98586512 0.98624564 0.97802045 1.
 1.         0.99218333 0.80468292 0.9678147  0.99194021 0.99414244
 1.         0.99404437 1.         0.99408706 0.99397856 0.99405661
 0.98825603 0.99417128 0.98707068 0.99409503 1.         1.
 0.80683516 0.97772345 0.99417564 1.         0.99304723 1.
 1.         1.         1.         0.9872221  0.99402692 0.98592009
 1.         0.99185891 1.         0.80182456 0.97565287 1.
 0.99302152 1.         1.         1.         1.         0.99311791
 1.         0.98585936 1.         0.99210338 1.         0.80535964
 0.97601254 1.         0.99302535 0.99297642 0.99300251 0.99317235
 1.         1.         0.97972484 0.99287826 0.99295114 0.99293731
 0.83490569 0.96881459 0.99313488 1.         1.         1.
 0.98692746 0.99414714 0.98587816 1.         1.         1.
 0.80801852 0.98375724 1.         1.         1.         0.98699837
 0.99421197 0.98597177 1.         0.9918355  1.         0.80022275
 0.97550969 1.         1.         0.98708602 0.99405536 0.98630839
 1.         0.99198762 1.         0.80658388 0.98390664 1.
 0.98754499 0.9943093  0.98612842 1.         0.99182743 1.
 0.84348345 0.97553699 1.         1.         0.97331213 0.98681498
 0.98512049 0.98676082 0.80754897 0.96274203 0.98710727 0.98701367
 0.99426348 0.99205513 0.99394904 0.80898279 0.97793385 0.9941512
 0.98552637 0.97792102 0.98590804 0.82773331 0.97993565 0.9862302
 1.         1.         0.81277668 0.97598515 1.         0.99196708
 0.81205489 0.96799539 0.99196164 0.80213249 0.97602141 1.
 0.81475894 0.79948674 0.97599177]",0.7604070921738942,0.6867161422967911,0.8346588999032974,0.3639294807475038,0.2580265280720397,0.4570803778682601,5365.010795878105,2322.392157849128,11724.80611938398
C08,umap,hdbscan,0.8891637855039238,0.1351468939121436,0.5989794494017082,1.0,"[0.940927   1.         0.92971247 0.94430157 1.         0.98392523
 0.99240126 0.93226654 0.7230339  0.69545772 1.         0.99204873
 0.99416492 1.         1.         0.99298162 1.         0.6934484
 1.         1.         0.98700877 0.93486988 0.93960737 1.
 0.99199971 1.         0.6798016  0.68494426 1.         0.95848636
 0.98252229 0.99615567 0.94521723 0.94342207 0.92577751 0.99255744
 0.67048215 0.64064522 0.94329275 0.93382213 0.93085792 0.9363391
 0.93782086 0.93619508 0.9383159  0.64838123 0.93740206 0.94492592
 0.92389362 0.99061161 0.98711468 0.93445531 0.9367171  0.92983534
 0.62721499 0.64823315 0.931627   0.95113339 0.95546651 1.
 0.98347993 1.         0.94606992 0.72849125 0.71108985 1.
 0.99195179 1.         1.         1.         1.         1.
 0.7175184  1.         1.         0.99402091 0.95115525 0.95275144
 1.         0.99188183 1.         0.6940226  0.69565141 1.
 0.99081311 0.93901767 0.91604445 0.93431217 0.98324372 0.65986444
 0.62781533 0.9411053  0.94452711 0.9342587  0.9360524  0.94433597
 0.95065052 0.93568529 0.63029747 0.93912102 0.94478298 0.93455918
 0.99452199 0.9787272  0.92946205 0.94205471 0.93253163 0.60655078
 0.59897945 0.92989426 0.95254255 0.93554678 0.93450186 0.99487818
 0.68931797 0.65159984 0.94559325 0.93833266 0.94815335 0.94205306
 0.94792051 0.95101412 0.93946721 0.65308423 0.943585   0.95641048
 0.93746064 0.99547799 0.99283298 0.94321135 0.94426561 0.93999135
 0.629885   0.64070279 0.94190539 0.97533245 0.99266195 0.93788809
 0.72640395 0.70042445 1.         0.99188375 1.         1.
 1.         0.99313138 1.         0.69918629 1.         1.
 0.98731273 0.94550782 0.94238964 1.         0.9919485  1.
 0.68707158 0.67562579 1.         0.97702344 0.93582674 0.71150983
 0.70680286 0.98348808 0.9682446  0.97781292 0.97585901 0.9760172
 0.96860637 0.98375808 0.68336064 0.983871   0.97512901 0.96285701
 0.9320584  0.9392368  0.97565943 0.96795678 0.97578573 0.66544439
 0.70469157 0.97567801 0.92243676 0.68651818 0.67542387 0.99265368
 0.99212337 0.99378542 0.99282934 0.99277921 1.         0.99264495
 0.6821945  0.99284132 0.99300922 0.99392617 0.93104451 0.93170825
 0.99257528 0.98468485 0.99263793 0.67605312 0.66582476 0.99304063
 0.66107167 0.63295918 0.93493271 0.9264566  0.93128814 0.92924836
 0.94210482 0.9384009  0.92542417 0.62730092 0.93357164 0.94312242
 0.92588018 0.99059197 0.99657258 0.93340732 0.93141921 0.92970651
 0.6135555  0.6311189  0.93462204 1.         0.70700767 0.69992508
 0.71576645 0.70799198 0.72164113 0.71752319 0.7139372  1.
 0.71920962 0.72773324 0.70807732 0.68937833 0.67428024 0.72099179
 0.71675027 0.69960665 0.99042912 0.98090692 0.71479041 0.69193748
 0.70633988 0.70625639 0.67949278 0.6996562  0.68878469 0.68829452
 1.         0.69053484 0.7095027  0.6854362  0.66414099 0.66549474
 0.70680956 0.71025973 0.68197255 0.99031186 0.9903371  0.69014195
 0.99202031 1.         1.         1.         0.99300315 1.
 0.70533244 1.         1.         0.98696318 0.94545849 0.93867675
 1.         0.99188375 1.         0.67359865 0.68289981 1.
 0.99419137 0.99195404 0.99193164 1.         1.         0.70774045
 0.99196437 0.99175903 0.98586512 0.93000131 0.92705208 1.
 1.         0.99218333 0.67045003 0.66106144 0.99194021 0.99414244
 1.         0.99404437 1.         0.70116044 0.99397856 0.99405661
 0.98825603 0.93897795 0.93893149 0.99409503 1.         1.
 0.68022335 0.67990314 0.99417564 1.         0.99304723 1.
 0.68869316 1.         1.         0.9872221  0.93580769 0.93416634
 1.         0.99185891 1.         0.67812824 0.66948645 1.
 0.99302152 1.         0.701664   1.         1.         0.99311791
 0.94550783 0.9403401  1.         0.99210338 1.         0.67706998
 0.67276062 1.         0.99302535 0.70272349 0.99300251 0.99317235
 1.         0.94861014 0.94614727 0.99287826 0.99295114 0.99293731
 0.68674128 0.66722648 0.99313488 0.69911304 1.         1.
 0.98692746 0.93818844 0.93619563 1.         1.         1.
 0.67911355 0.68531971 1.         0.69734484 0.72250474 0.68233786
 0.65980643 0.64720437 0.70978293 0.70967568 0.68068719 0.99021458
 0.97101431 0.6890575  1.         0.98708602 0.93949728 0.93939767
 1.         0.99198762 1.         0.67813162 0.6881213  1.
 0.98754499 0.94499434 0.93967749 1.         0.99182743 1.
 0.70309068 0.6818035  1.         0.94410569 0.92940087 0.98681498
 0.98512049 0.98676082 0.67187763 0.65026814 0.98710727 0.98818104
 0.9376255  0.93992237 0.93126073 0.646525   0.63361775 0.93609145
 0.93165922 0.93633916 0.92859348 0.63217497 0.63247262 0.93758542
 1.         1.         0.67433031 0.67415684 1.         0.99196708
 0.66952398 0.67179593 0.99196164 0.65853363 0.64836585 1.
 0.97134849 0.67383214 0.67541781]",0.7595901548862457,0.6797004073858262,0.836055901646614,0.3555781487699805,0.2430682315192342,0.47605962702836,4857.81598470314,1654.5568075176027,11724.80611938398
C09,identity,kmeans,0.9955108141200443,0.004963629128327647,0.9792800944048866,1.0,"[1.         1.         1.         0.99423055 0.99420347 0.99417384
 1.         1.         1.         1.         0.9884392  0.99418955
 0.98838934 1.         0.99426054 1.         0.99422341 1.
 0.98809086 1.         1.         1.         0.99179775 0.99434229
 0.98857799 0.98854084 0.9798258  1.         1.         1.
 1.         1.         1.         1.         1.         1.
 1.         1.         0.99405184 1.         0.99389677 1.
 1.         1.         1.         1.         0.99385087 1.
 1.         1.         1.         1.         0.99425395 0.99374852
 0.98541253 1.         1.         1.         0.99405548 0.99418546
 0.99418546 1.         1.         1.         1.         0.98849345
 0.99443912 0.98845079 1.         0.99430566 1.         0.99435253
 1.         0.98854276 1.         1.         1.         0.99191829
 0.99421268 0.98906444 0.9880715  0.98789714 1.         1.
 0.99390018 0.9938287  0.9940176  1.         1.         1.
 1.         0.99380275 0.99397666 0.99385488 1.         0.99412335
 1.         0.99399813 1.         0.99386522 1.         1.
 1.         1.         0.99400335 0.99404633 0.99391835 0.98540633
 1.         1.         1.         1.         0.99390347 0.99408633
 1.         0.99413363 1.         1.         1.         0.99389841
 1.         0.99408791 1.         0.99411559 1.         0.99418076
 0.99398247 0.99409449 0.99187427 1.         1.         1.
 0.99192797 1.         0.99399793 1.         0.99390926 0.994082
 1.         0.9941622  0.99400528 1.         0.99400515 0.99390311
 1.         0.99411454 1.         0.99411744 0.99404349 0.99423574
 0.99400358 0.99425652 0.99176999 1.         0.99431504 0.99392039
 0.9858708  1.         0.99399886 0.99399793 0.99415838 1.
 0.9942425  1.         1.         1.         0.99421629 1.
 0.9941593  1.         0.99418893 1.         0.9943367  0.99398828
 0.99428941 0.99190013 1.         1.         1.         1.
 1.         0.99400805 1.         1.         1.         0.98773693
 0.99396934 0.98763421 1.         0.99416543 1.         0.993968
 1.         0.98770555 1.         1.         1.         0.99203509
 0.99405756 0.98814563 0.98747466 0.9798462  1.         1.
 1.         1.         0.98782123 0.9939024  0.98808134 1.
 0.99404658 1.         0.9939699  1.         0.98791899 1.
 1.         1.         0.99185886 0.9941327  0.98845458 0.98788192
 0.97992883 1.         1.         1.         0.99419864 1.
 0.99435036 1.         1.         1.         1.         1.
 0.99435139 1.         1.         1.         0.99193125 1.
 0.99438193 0.99418024 0.98592658 1.         1.         0.9940986
 0.99427632 0.99416391 1.         0.99403489 1.         0.99392589
 1.         0.99406752 1.         1.         1.         0.99168395
 0.99427109 0.99410495 0.99388494 0.98564733 1.         1.
 1.         1.         0.98828255 0.99405612 0.98844909 1.
 0.99427378 1.         0.98830802 0.98776392 0.9881852  0.99196387
 0.99423687 1.         1.         0.99201773 0.99415792 0.98816437
 1.         0.99406279 1.         0.99404792 1.         0.99444882
 1.         0.99418042 0.99399194 0.99419686 0.99201957 1.
 1.         1.         1.         1.         0.99417694 0.98834522
 0.9941139  0.98815191 1.         0.99409072 1.         0.98817767
 0.98826406 0.98839696 0.99181777 0.99409957 1.         1.
 1.         0.99409654 0.98841074 0.99420786 1.         0.99410909
 1.         0.98816882 1.         1.         1.         1.
 0.99419686 0.98821577 0.98806421 0.97977211 1.         1.
 0.99416991 1.         0.99408182 0.99419167 0.99432832 0.99404561
 0.99429938 0.99182283 1.         0.99438869 0.99412911 0.9857942
 1.         0.99404559 0.99412735 1.         0.98826123 1.
 1.         1.         0.99151377 0.99408893 0.9883118  0.98753743
 0.97973518 1.         1.         0.99410338 1.         0.99407491
 0.99384903 0.99414714 0.99180797 1.         1.         1.
 0.99196966 1.         0.99404817 0.99412969 1.         1.
 1.         1.         0.99429256 0.99431181 0.9938406  0.98546252
 1.         1.         0.98837059 0.98789998 0.98816618 0.99184766
 0.99410478 1.         1.         0.99165646 0.99425395 0.98793953
 1.         1.         0.99175154 0.99411798 0.98868679 0.98794718
 0.97984996 1.         1.         1.         0.9917725  0.9939209
 0.98831998 0.98765387 0.97928009 1.         1.         1.
 0.99426348 0.9886518  0.98795193 0.97991369 1.         1.
 0.99187794 0.99187991 1.         0.98348266 0.99183585 0.99188159
 0.9942622  0.99406183 0.98544024 1.         0.99403676 1.
 1.         0.99424708 0.98830566 0.99194932 0.99381559 0.98774197
 0.98575948 0.97959585 1.        ]",0.15155198353934562,0.14790547930497538,0.15560505339110287,2.1190545529849993,2.0968262792036056,2.146473276812628,79.15118767451112,77.10317247959416,81.04925927921407
C10,identity,gmm,0.8659299058955315,0.08104042314034007,0.5915493656915342,1.0,"[0.71628091 0.72470941 0.73570258 0.75099165 0.70382932 0.74406869
 0.69465858 0.80943662 0.71151678 0.59154937 0.69607835 0.67739362
 0.68753492 0.69368159 0.717336   0.72342641 0.69973763 0.73231994
 0.72909072 0.7212184  0.76752383 0.75221906 0.74205104 0.6666315
 0.72864775 0.69607382 0.849137   0.82299081 0.70029275 0.92819146
 0.92824487 0.9297143  0.92810634 0.92462274 0.86156487 0.86144098
 0.96616241 0.86979699 0.99461251 0.96373877 0.90175067 0.90334565
 0.94004521 0.98500445 0.97735732 0.93145524 0.89684083 0.89855792
 0.8791957  0.78426291 0.92547288 0.85413254 0.98796559 0.9614296
 0.85666835 0.81993824 0.98051462 0.98946151 0.98821733 0.87242396
 0.96065292 0.87295865 0.76900405 0.93020539 0.82571847 0.93759314
 0.90807468 0.81492416 0.94610026 0.91211117 0.94033203 0.92333358
 0.98490881 0.95788659 0.96013823 0.84259083 0.70147449 1.
 0.92437349 0.94755471 0.90933427 0.81048281 0.75025871 0.93376963
 0.97054974 0.87407614 0.96658342 0.85799826 0.79088476 0.93285897
 0.81507482 0.93972408 0.91093934 0.83507103 0.92852321 0.89601636
 0.94097571 0.9129997  0.98240332 0.94471918 0.93536296 0.8309018
 0.71983093 0.98880772 0.90222839 0.93703631 0.89512174 0.8123513
 0.76752444 0.92200357 0.88137518 0.95682697 0.88262965 0.79866473
 0.9189398  0.80982375 0.91876937 0.8912513  0.83913704 0.93258366
 0.90288021 0.92849434 0.90532084 0.98091247 0.96481407 0.95489477
 0.8344011  0.72539914 0.98802954 0.92937674 0.94291792 0.88879435
 0.821096   0.77717201 0.91643786 0.88828357 0.86822383 0.8103473
 0.89869405 0.82821671 0.92980829 0.90911199 0.87388382 0.8520869
 0.92395667 0.93507745 0.90805532 0.87402578 0.84505021 0.86134676
 0.82437607 0.75456871 0.86140747 0.80097495 0.92200756 0.9158796
 0.82272994 0.79923771 0.93143564 0.87348091 0.80299302 0.92385761
 0.79642933 0.93349096 0.88546652 0.85346258 0.91164227 0.91899878
 0.92445685 0.92388835 0.96503663 0.94075745 0.93688551 0.82695436
 0.73189635 0.96149571 0.89671961 0.93876524 0.89857913 0.83617223
 0.77611783 0.92040591 0.80293075 0.85253722 0.74973301 0.85960417
 0.82103707 0.84278041 0.9072598  0.89640156 0.86811899 0.85058086
 0.87765312 0.8751817  0.90638273 0.74253055 0.73139907 0.87553151
 0.8299745  0.86725174 0.83336136 0.79975442 0.77243535 0.85050603
 0.83841181 0.72226463 0.84777418 0.79519724 0.83218187 0.76610117
 0.85240336 0.85000891 0.84780852 0.78944167 0.79086763 0.79266111
 0.76325621 0.89400071 0.76773108 0.71863594 0.8456046  0.84554011
 0.95592026 0.94176811 0.84750059 0.87132856 0.98626526 0.95873276
 0.89221688 0.90753248 0.94683486 0.97789289 0.98214139 0.94482447
 0.93020168 0.92661352 0.88064279 0.76897749 0.92599308 0.88043425
 0.96310056 0.96545058 0.83253422 0.8076414  0.98331975 0.89346685
 0.88993365 0.82875823 0.79577465 0.82587492 0.89120812 0.86898018
 0.82772732 0.78882296 0.80647229 0.77015372 0.67361419 0.8181658
 0.76413909 0.8739433  0.85098297 0.70348897 0.68143176 0.88273849
 0.97587502 0.91440868 0.9149998  0.95325487 0.99724677 0.99702063
 0.93485049 0.912117   0.91582638 0.8867216  0.78700538 0.92965418
 0.87331483 0.9747178  0.97511248 0.84226249 0.80652044 0.99578822
 0.91452712 0.88673744 0.91612715 0.96452281 0.95395565 0.91445583
 0.88028236 0.8754158  0.84910945 0.79411431 0.89953518 0.84312851
 0.95392977 0.93653171 0.80343218 0.77670819 0.96716948 0.81209166
 0.87844472 0.90575348 0.88972938 0.84304952 0.82707567 0.81295667
 0.78279308 0.82535375 0.82841607 0.78985618 0.90026244 0.88251111
 0.81812023 0.78690099 0.89579347 0.90468792 0.92300933 0.90129433
 0.92666963 0.9147691  0.94404339 0.83097185 0.72080529 0.94515871
 0.8773401  0.92205222 0.88156644 0.78205218 0.73838474 0.91270784
 0.94836931 0.96263831 0.90477795 0.88505874 0.92222932 0.85477808
 0.78416886 0.89699276 0.84918202 0.95004524 0.95014419 0.86481988
 0.8273712  0.95256591 0.97632272 0.9380036  0.90576837 0.92106354
 0.87811497 0.78324629 0.94106473 0.87234587 0.97699012 0.96651667
 0.84317026 0.81923504 0.9927145  0.92096426 0.90980727 0.91983003
 0.8804933  0.76009984 0.91731047 0.86468837 0.97465597 0.9789079
 0.83809667 0.80044616 0.99265996 0.97927012 0.95806321 0.84042352
 0.71776966 0.98144755 0.93473532 0.94157945 0.8940162  0.81493062
 0.75975665 0.92548534 0.95289998 0.81942009 0.69330673 0.95201356
 0.93238834 0.90760584 0.89339002 0.79364502 0.75199389 0.90487381
 0.83875128 0.7125449  0.95422342 0.91212404 0.91816458 0.88836256
 0.80420597 0.75105407 0.91103613 0.68064829 0.82954082 0.76230113
 0.87672795 0.85282017 0.79713034 0.76778693 0.86416217 0.71594398
 0.654671   0.78214225 0.77808038 0.89017469 0.89357593 0.77114011
 0.92632395 0.94532949 0.88658827 0.82524244 0.75415955 0.93108835
 0.8806453  0.84199361 0.73699141 0.68716424 0.86609923 0.95192626
 0.88256966 0.81696152 0.98155449 0.84645023 0.81977994 0.96534015
 0.951078   0.83580314 0.79865343]",0.12448691134372573,0.0867499038441832,0.14726358007221338,2.3297989904143814,2.112850699484569,2.7878668847603834,45.08950395032782,32.527295739667,56.06912506471169
C11,identity,agglo,0.852173636675077,0.06412397121953212,0.6960961032590717,0.9795943042382852,"[0.76142056 0.7661777  0.80677512 0.7632277  0.85684737 0.85255871
 0.86009055 0.72560444 0.72481643 0.87507953 0.8094417  0.85533611
 0.7461247  0.75304525 0.72661258 0.72606598 0.73320095 0.87175845
 0.76566927 0.80725264 0.70698119 0.7203653  0.72332562 0.79540056
 0.80240825 0.84350364 0.75535436 0.73627039 0.84824426 0.74236423
 0.88655668 0.89278435 0.82158908 0.80861105 0.88684576 0.90723878
 0.89230731 0.82374438 0.93315737 0.93794499 0.93105215 0.83809654
 0.86880744 0.8781963  0.89630027 0.83122302 0.92198801 0.92346516
 0.88882851 0.92990729 0.88206536 0.94570186 0.96452897 0.86314387
 0.88963883 0.9156288  0.87374267 0.75256154 0.72455951 0.77564004
 0.79381008 0.81098482 0.70281039 0.73171716 0.8065628  0.80884462
 0.76434893 0.74528481 0.83306201 0.72244668 0.74278473 0.74040056
 0.77720313 0.72514633 0.75917641 0.73014945 0.6960961  0.72016575
 0.7443943  0.76380036 0.78846115 0.71556596 0.72958354 0.7977599
 0.8662636  0.82381512 0.81165966 0.91699571 0.89596731 0.85845045
 0.81285473 0.87750967 0.8786729  0.88134372 0.83000784 0.81512304
 0.83569312 0.85644697 0.8434543  0.9032499  0.8960979  0.85127965
 0.86354956 0.84265671 0.87648129 0.90699417 0.8787092  0.89590607
 0.87592703 0.92003666 0.77651691 0.73780912 0.85835318 0.9475529
 0.92965785 0.76904055 0.90389381 0.9057506  0.96511334 0.76648405
 0.8678633  0.92383    0.9322163  0.8027356  0.87999025 0.91695895
 0.8590509  0.92606783 0.92472444 0.90285394 0.90439299 0.80969176
 0.93746786 0.91373082 0.84625136 0.89871977 0.89267142 0.77424966
 0.7802064  0.89645543 0.83834908 0.85511265 0.78576807 0.80005947
 0.73348326 0.76005348 0.78504514 0.93280543 0.78826918 0.81691244
 0.75287521 0.77882005 0.77609806 0.83301633 0.85299753 0.82024592
 0.78171274 0.79529974 0.8674863  0.83656676 0.75320408 0.77531149
 0.92468252 0.83758491 0.82634352 0.76711436 0.81197603 0.73704368
 0.7630747  0.74968684 0.91892412 0.78879953 0.82319599 0.7633431
 0.75548462 0.74236535 0.84862117 0.81785956 0.82021246 0.75713509
 0.75982548 0.84514812 0.85318186 0.81787663 0.88089657 0.9070031
 0.90977371 0.85538038 0.88185983 0.80087051 0.82101047 0.8383699
 0.87282515 0.88143012 0.91645727 0.81445022 0.83797624 0.82172184
 0.88143735 0.89801305 0.92328626 0.88023009 0.83726673 0.97199453
 0.91507156 0.78281733 0.89169561 0.89083282 0.97198425 0.79107655
 0.85863014 0.91657853 0.9431577  0.76942107 0.87954186 0.90222876
 0.87176955 0.92022478 0.91641066 0.90816952 0.90642186 0.83204549
 0.9408132  0.93175443 0.83538253 0.78104246 0.87689305 0.88710008
 0.97497456 0.8279851  0.84025678 0.94695039 0.9272483  0.80825544
 0.8286036  0.87229351 0.91168016 0.91660469 0.91117613 0.90180418
 0.89188708 0.79363729 0.91274816 0.94000698 0.81889449 0.81500202
 0.83373877 0.79959849 0.79134452 0.73807306 0.75499949 0.78019207
 0.88332407 0.79681787 0.80149358 0.75115356 0.78967697 0.77448448
 0.82293333 0.84885035 0.83183623 0.75982535 0.765276   0.86837307
 0.96274877 0.91023517 0.86891655 0.8738933  0.89740311 0.89427601
 0.85063834 0.94995361 0.95097269 0.87896675 0.89413643 0.87684235
 0.95513315 0.93813825 0.87998134 0.91194615 0.92241893 0.88965658
 0.90888946 0.83667402 0.8622277  0.89031424 0.90340461 0.86345238
 0.91610025 0.9795943  0.87338111 0.88844724 0.88530848 0.97072365
 0.94586467 0.88049093 0.8954281  0.89917819 0.91254196 0.82894736
 0.89172051 0.92864419 0.9564646  0.79781089 0.88695784 0.9060353
 0.92012921 0.94684565 0.92073204 0.92145996 0.94244865 0.82014937
 0.94418322 0.96371153 0.84240239 0.79485347 0.85847553 0.79922454
 0.81090765 0.80527952 0.84998849 0.84811092 0.78277825 0.78729142
 0.84536845 0.85186718 0.85119932 0.79838313 0.81754104 0.8785081
 0.90014351 0.88557729 0.76156126 0.81926763 0.83106659 0.83251644
 0.92209936 0.89787064 0.88721371 0.90984828 0.83959809 0.86926586
 0.87270226 0.79852014 0.96193999 0.79964989 0.82843867 0.86776049
 0.9230902  0.9062646  0.92250315 0.90748152 0.90230895 0.77671128
 0.89382804 0.9101563  0.8136104  0.78848017 0.86577224 0.87745608
 0.91654227 0.90710736 0.92721765 0.91376437 0.92880283 0.77977037
 0.92708203 0.95174481 0.82636069 0.79680236 0.84695654 0.77644405
 0.78641653 0.76855936 0.86089521 0.8502119  0.81820807 0.79513337
 0.81390993 0.85949097 0.92532399 0.82770793 0.880358   0.83691431
 0.92125191 0.92353197 0.84212551 0.8756621  0.87809135 0.87987463
 0.87171235 0.87760555 0.88799441 0.96233213 0.93195277 0.8659705
 0.91325652 0.88926724 0.90960297 0.85497231 0.84071232 0.90250909
 0.90597817 0.74861729 0.922083   0.93379962 0.80294667 0.94582553
 0.91501688 0.9232992  0.78889021 0.88372973 0.90845081 0.83234803
 0.89982503 0.90643422 0.78912178 0.87276382 0.90265986 0.81795606
 0.96139276 0.83912359 0.89299724 0.90836856 0.88436116 0.87510568
 0.90025734 0.91806353 0.88523397 0.83196195 0.79618268 0.91658287
 0.94944808 0.86821197 0.8314664 ]",0.14767972748422836,0.13845017647558613,0.15333367233872564,2.092143449990638,1.977630638301769,2.258692627273723,62.77518135750477,47.959021192814035,78.10814368780522
C12,identity,hdbscan,0.7394102071062615,0.25755331217637345,-0.004837352972379565,0.9700883498770426,"[ 0.95193697  0.9406614   0.95125204  0.46747392  0.81663154  0.90887803
  0.90192155  0.38226995  0.93780961  0.86072315  0.92988797  0.92898839
  0.92114101  0.94757177  0.95116424  0.96477845  0.96901847  0.80365044
  0.77381121  0.106095    0.95103317  0.83048731  0.89798597  0.3489894
  0.94744206  0.93872258  0.94229492  0.86495249  0.89257285  0.93496126
  0.93420111  0.45540092  0.80199726  0.91530077  0.8910923   0.34678241
  0.94203723  0.80936655  0.92999399  0.94766441  0.91390893  0.91234165
  0.9299525   0.91068925  0.9640018   0.76037895  0.74379552  0.1483226
  0.94261528  0.82202461  0.9267989   0.34766518  0.95177569  0.90170236
  0.90666055  0.83841007  0.8554504   0.9281042   0.4297955   0.86243681
  0.91371805  0.9472046   0.33236209  0.94679144  0.8635206   0.93065325
  0.93160276  0.90584333  0.9467496   0.96626269  0.9462553   0.92623835
  0.83556005  0.79325722  0.08956995  0.92021495  0.89222592  0.91853085
  0.31106277  0.9543653   0.89657144  0.93882337  0.89716787  0.90762651
  0.5110549   0.80112674  0.89653677  0.89478312  0.40858382  0.94731734
  0.79569     0.91700954  0.946548    0.90926503  0.90017808  0.94399687
  0.93809004  0.95216682  0.75313122  0.72482497  0.12503011  0.92971313
  0.82848636  0.89965312  0.41065759  0.90943127  0.93457335  0.9030872
  0.80502589  0.91579626  0.33059246  0.49393701  0.47490723  0.74424645
  0.46286319  0.35254715  0.50895104  0.50092782  0.47074395  0.49300162
  0.48993764  0.43984858  0.49143389  0.3033294   0.32301426  0.49294846
  0.45833011  0.37150826  0.47097868  0.82263869  0.45636223  0.50671386
  0.48080392  0.36655619  0.45570969  0.82413831  0.8189012   0.25474685
  0.81601135  0.94859725  0.79093429  0.81533576  0.77870412  0.83060919
  0.83686359  0.82663735  0.82655432  0.91388994  0.85291152  0.01530748
  0.82554573  0.89947148  0.81190185  0.24306411  0.82365531  0.81398313
  0.79287     0.91012594  0.78932908  0.88637972  0.34643042  0.87493751
  0.80151458  0.89858337  0.8916639   0.86467755  0.93543019  0.94366697
  0.90334353  0.93423765  0.77077274  0.73944656  0.15412987  0.89548095
  0.81196299  0.90623533  0.3666751   0.89317712  0.88164225  0.90046941
  0.84254264  0.88252002  0.35391044  0.92069956  0.82162534  0.91998202
  0.89915046  0.89128101  0.92575307  0.96550461  0.93906029  0.91178655
  0.78491177  0.76257539  0.1312166   0.90401945  0.86011264  0.88113481
  0.3718295   0.91737603  0.90628891  0.89683972  0.82588752  0.87983814
  0.36694164  0.28468599  0.3939021   0.41398181  0.38560122  0.36792263
  0.35752031  0.34028335  0.38621805  0.24138161  0.24905357  0.68254854
  0.3734803   0.29764776  0.37013882  0.89255295  0.37285748  0.42323134
  0.33767681  0.27209816  0.39656482  0.8040018   0.93389972  0.95560284
  0.90129098  0.92447664  0.93004501  0.92160785  0.95653593  0.78027926
  0.7640876   0.12967366  0.91656344  0.8152431   0.90228807  0.3701665
  0.9206883   0.94702664  0.92172523  0.84919147  0.89596056  0.80451523
  0.81119478  0.77847966  0.831165    0.8489306   0.83523916  0.83564164
  0.91842957  0.83136252  0.02025174  0.82077605  0.87819122  0.82687725
  0.27332517  0.83646726  0.82938835  0.8034149   0.95217935  0.78774833
  0.91200966  0.88286676  0.92495686  0.95550429  0.91339524  0.95562489
  0.75269499  0.71075522  0.12190632  0.9075232   0.79966079  0.90567139
  0.36373853  0.91592386  0.88213732  0.91442513  0.81986989  0.86084386
  0.90026539  0.93734537  0.92018679  0.92002707  0.95967065  0.74501313
  0.75568425  0.13818133  0.93741153  0.82945468  0.90892665  0.39448164
  0.90515356  0.92012721  0.90365903  0.78829789  0.86977898  0.90956057
  0.90886668  0.92302579  0.93492036  0.76023942  0.78723655  0.12253451
  0.9142745   0.78668942  0.92180723  0.39544017  0.90191869  0.9419568
  0.88437778  0.84839753  0.87152101  0.97008835  0.95232778  0.96517858
  0.80937168  0.79718838  0.11470044  0.89685429  0.85611847  0.91654824
  0.34395017  0.93845068  0.92583253  0.89991705  0.8593919   0.90407264
  0.96572143  0.95513772  0.80088192  0.7660121   0.09714607  0.9389951
  0.87597374  0.93563571  0.33825313  0.93991928  0.9162337   0.92082272
  0.86181177  0.90431426  0.93939277  0.7989719   0.80079797  0.09431718
  0.93876808  0.86716464  0.91579733  0.35408195  0.92223577  0.92550767
  0.92650824  0.86951256  0.91708158  0.79277645  0.77931082  0.1215037
  0.92861885  0.84521847  0.92524862  0.37421236  0.92955639  0.93390375
  0.93873889  0.85836018  0.90717182  0.87576277 -0.00483735  0.78285295
  0.88139716  0.77533894  0.22850345  0.80697208  0.80007498  0.76326528
  0.91939004  0.76346973  0.0217271   0.77291049  0.8720662   0.77190772
  0.24572035  0.79024506  0.80707625  0.76807633  0.84803097  0.77540205
  0.12840795  0.06898547  0.12599917  0.55886929  0.09893409  0.13151309
  0.09992187  0.03330564  0.13027318  0.83770442  0.89021656  0.37736195
  0.90155061  0.94182447  0.87333904  0.84928415  0.89502505  0.82612648
  0.27565278  0.82182364  0.82213643  0.82134067  0.88524452  0.82181463
  0.37134832  0.89258381  0.92519114  0.86871712  0.85068354  0.8828445
  0.33870475  0.40665439  0.3338426   0.28575048  0.39036789  0.89815148
  0.91256787  0.86642543  0.86781744  0.88650999  0.85429689  0.90988107
  0.84734048  0.8948852   0.8197625 ]",0.19577117536068972,0.17993071675327843,0.23504649941353287,1.5959050884798225,1.527211263552052,1.7009500569042497,46.27630521729073,38.59874423063661,62.481843248377274
